City citipy;Country code citipy;Country;City ID;City;Country Abbreviation;Longitude;Latitude;Temperature;Humidity;Wind;Clouds
Weyburn;CA;Canada;6179652;Weyburn;CA;-103.85;49.67;-7.16;94;1.72;0
Gravdal;NO;Norway;3147822;Gravdal;NO;5.78;59.79;5.98;93;9.3;75
Strezhevoy;RU;Russian federation;1490796;Strezhevoy;RU;77.6;60.73;-34.0;73;2.0;0
Qaanaaq;GL;Greenland;3831208;Qaanaaq;GL;-69.36;77.48;-27.78;100;4.12;0
Sobolevo;RU;Russian federation;525426;Sobolevo;RU;31.9;54.43;-11.88;79;1.22;44
Fukue;JP;Japan;1848373;Fukue;JP;136.69;35.03;3.29;86;5.7;75
Newport;GB;United kingdom of great britain and northern ireland;2641598;Newport;GB;-3.0;51.59;5.82;100;2.6;90
Siocon;PH;Philippines;1724435;Siocon;PH;124.04;11.03;26.57;98;9.22;68
Kodinsk;RU;Russian federation;1503037;Kodinsk;RU;99.18;58.6;-12.33;60;2.97;68
Diapaga;BF;Burkina faso;2361373;Diapaga;BF;1.79;12.07;27.85;39;1.22;0
Chapais;CA;Canada;5919850;Chapais;CA;-74.86;49.78;-16.0;77;6.2;90
Tessalit;ML;Mali;2449893;Tessalit;ML;1.01;20.2;17.07;25;1.67;0
Nayoro;JP;Japan;2128983;Nayoro;JP;142.46;44.36;-7.63;82;1.82;48
Prince rupert;CA;Canada;6113406;Prince Rupert;CA;-130.32;54.32;7.0;87;5.7;90
Hamilton;BM;Bermuda;3573197;Hamilton;BM;-64.78;32.3;18.0;68;10.3;75
Cangzhou;CN;China;1816080;Cangzhou;CN;116.85;38.3;-7.38;66;1.32;44
Kamenka;RU;Russian federation;553725;Kamenka;RU;44.05;53.19;-13.48;90;3.72;56
Ixtapa;MX;Mexico;4004293;Ixtapa;MX;-105.21;20.71;28.0;65;4.1;5
Sai buri;TH;Thailand;1606851;Sai Buri;TH;101.62;6.7;25.17;87;2.12;68
Rock hill;US;United states of america;4593142;Rock Hill;US;-81.03;34.92;6.75;38;3.1;1
Umm kaddadah;SD;Sudan;364933;Umm Kaddadah;SD;26.69;13.6;17.9;40;4.12;0
Concarneau;FR;France;3024035;Concarneau;FR;-3.92;47.88;4.35;95;2.6;0
Vardo;NO;Norway;777019;Vardo;NO;31.11;70.37;-1.7;92;21.6;75
Jalingo;NG;Nigeria;2351027;Jalingo;NG;10.93;10.3;25.02;35;2.12;0
Ostersund;SE;Sweden;2685750;Ostersund;SE;14.64;63.18;5.0;80;9.3;40
Marawi;SD;Sudan;370481;Marawi;SD;31.82;18.48;19.72;34;4.62;8
Egvekinot;RU;Russian federation;4031742;Egvekinot;RU;-179.17;66.32;-31.43;36;1.07;36
Riviera beach;US;United states of america;4366966;Riviera Beach;US;-76.51;39.16;2.39;51;7.2;1
Zhigansk;RU;Russian federation;2012530;Zhigansk;RU;123.37;66.77;-40.01;86;2.42;32
Umm lajj;SA;Saudi arabia;100926;Umm Lajj;SA;37.27;25.02;18.42;96;5.02;68
Davila;PH;Philippines;1715335;Davila;PH;120.58;18.47;22.0;94;1.0;20
Nador;MA;Morocco;2541479;Nador;MA;-2.93;35.17;12.47;76;3.6;92
Severo-kurilsk;RU;Russian federation;2121385;Severo-Kurilsk;RU;156.12;50.68;-11.51;100;2.22;8
Turnov;CZ;Czechia;3063853;Turnov;CZ;15.16;50.59;0.0;89;3.6;75
Kortkeros;RU;Russian federation;544397;Kortkeros;RU;51.56;61.81;-17.0;91;2.0;75
Tucumcari;US;United states of america;5495360;Tucumcari;US;-103.73;35.17;13.9;38;7.2;1
Belousovka;KZ;Kazakhstan;1520316;Belousovka;KZ;82.52;50.13;-12.0;92;4.0;90
Hidalgotitlan;MX;Mexico;3527113;Hidalgotitlan;MX;-94.63;17.78;26.0;57;5.1;40
Anloga;GH;Ghana;2304548;Anloga;GH;0.9;5.79;29.0;74;4.6;0
Puerto carreno;CO;Colombia;3671519;Puerto Carreno;CO;-67.49;6.19;35.0;39;2.1;20
Vizinga;RU;Russian federation;473263;Vizinga;RU;50.08;61.08;-8.03;87;2.07;76
Hirara;JP;Japan;1862505;Hirara;JP;125.28;24.8;21.77;100;4.52;88
Gasa;BT;Bhutan;1252578;Gasa;BT;89.73;27.91;-31.88;21;0.12;0
Telimele;GN;Guinea;2414926;Telimele;GN;-13.03;10.9;30.72;36;1.72;0
Puerto berrio;CO;Colombia;3671540;Puerto Berrio;CO;-74.4;6.49;26.82;78;0.72;8
Thakurgaon;BD;Bangladesh;1185092;Thakurgaon;BD;88.47;26.02;11.47;86;1.22;0
San-pedro;CI;Côte d'ivoire;2282006;San-Pedro;CI;-6.64;4.75;28.25;78;4.07;0
Kamaishi;JP;Japan;2112444;Kamaishi;JP;141.86;39.28;2.12;76;6.82;0
Zabid;YE;Yemen;69559;Zabid;YE;44.5;14.2;8.87;27;2.32;32
Kem;RU;Russian federation;551145;Kem;RU;34.58;64.96;-9.38;92;6.27;56
Sioux lookout;CA;Canada;6148373;Sioux Lookout;CA;-91.92;50.1;-18.38;64;1.5;90
Bennettsville;US;United states of america;4570634;Bennettsville;US;-79.68;34.62;5.88;34;3.6;1
Melfort;CA;Canada;6071876;Melfort;CA;-104.61;52.87;-14.0;84;4.6;90
Touzim;CZ;Czechia;3064145;Touzim;CZ;12.99;50.06;-1.96;73;1.0;75
Lamar;US;United states of america;5427957;Lamar;US;-102.62;38.09;7.2;35;2.6;1
Yarmouth;CA;Canada;6185217;Yarmouth;CA;-66.12;43.84;1.0;74;7.2;75
Bonavista;CA;Canada;5905393;Bonavista;CA;-53.11;48.65;5.07;82;5.37;48
Mogadishu;SO;Somalia;53654;Mogadishu;SO;45.34;2.04;26.37;99;9.72;0
Semporna;MY;Malaysia;1733697;Semporna;MY;118.61;4.48;24.0;88;1.5;40
Yinchuan;CN;China;1786657;Yinchuan;CN;106.21;38.48;-18.33;59;1.07;0
Erzin;RU;Russian federation;1506938;Erzin;RU;95.16;50.26;-31.28;61;0.77;32
Praia;CV;Cabo verde;3374333;Praia;CV;-23.51;14.92;24.42;86;6.37;48
Mogadishu;SO;Somalia;53654;Mogadishu;SO;45.34;2.04;26.37;99;9.72;0
Sangar;RU;Russian federation;2017215;Sangar;RU;127.47;63.92;-39.41;0;3.17;44
Velikooktyabrskiy;RU;Russian federation;476046;Velikooktyabrskiy;RU;33.81;57.43;-10.98;85;2.77;80
Verkhnevilyuysk;RU;Russian federation;2013639;Verkhnevilyuysk;RU;120.31;63.45;-27.01;72;2.87;64
Mae chan;TH;Thailand;1152227;Mae Chan;TH;99.85;20.15;19.0;100;1.0;92
Boa vista;BR;Brazil;3664980;Boa Vista;BR;-60.67;2.82;33.0;36;7.2;75
Yanam;IN;India;1252795;Yanam;IN;82.22;16.73;21.6;84;3.32;0
Great yarmouth;GB;United kingdom of great britain and northern ireland;2647984;Great Yarmouth;GB;1.73;52.61;4.0;100;1.0;40
Losal;IN;India;1264756;Losal;IN;74.92;27.4;9.37;77;2.97;8
Ust-nera;RU;Russian federation;2120048;Ust-Nera;RU;143.24;64.57;-33.68;40;0.72;68
Wuhu;CN;China;1791236;Wuhu;CN;118.43;31.35;4.0;100;1.0;90
Sioux lookout;CA;Canada;6148373;Sioux Lookout;CA;-91.92;50.1;-18.38;64;1.5;90
Kropotkin;RU;Russian federation;540761;Kropotkin;RU;40.58;45.43;-0.76;73;5.02;76
Amga;RU;Russian federation;2027786;Amga;RU;131.98;60.89;-33.08;42;1.17;48
Puerto escondido;MX;Mexico;3520994;Puerto Escondido;MX;-97.07;15.86;29.0;70;4.1;20
Kutum;SD;Sudan;371745;Kutum;SD;24.66;14.2;15.52;73;2.07;0
Ilek;RU;Russian federation;557340;Ilek;RU;53.38;51.53;-17.43;74;0.97;80
Ahuimanu;US;United states of america;5856516;Ahuimanu;US;-157.84;21.44;22.72;84;2.57;75
Ede;NG;Nigeria;2325437;Ede;NG;7.64;7.21;30.37;53;1.22;0
Saint-pierre;PM;Saint pierre and miquelon;3424934;Saint-Pierre;PM;-56.17;46.77;3.0;93;2.6;90
Cam ranh;VN;Viet nam;1586350;Cam Ranh;VN;109.15;11.92;24.0;94;2.6;75
Flagstaff;US;United states of america;5294810;Flagstaff;US;-111.65;35.2;8.63;64;6.2;75
Tianpeng;CN;China;1797543;Tianpeng;CN;112.34;28.88;3.57;100;2.87;92
Weyburn;CA;Canada;6179652;Weyburn;CA;-103.85;49.67;-7.16;94;1.72;0
Gari;RU;Russian federation;1506676;Gari;RU;62.35;59.43;-16.93;81;1.22;76
Safford;US;United states of america;5312476;Safford;US;-109.71;32.83;8.3;86;2.6;90
Niquero;CU;Cuba;3545981;Niquero;CU;-77.58;20.04;26.67;92;3.27;0
Road town;VG;Virgin islands (british);3577430;Road Town;VG;-64.62;18.42;27.89;65;4.1;20
Corinto;NI;Nicaragua;3620269;Corinto;NI;-87.17;12.48;31.12;52;2.22;0
Sur;OM;Oman;286245;Sur;OM;59.53;22.57;22.85;100;1.07;8
Khandbari;NP;Nepal;1283217;Khandbari;NP;87.21;27.38;-6.11;57;0.72;0
Horki;BY;Belarus;627905;Horki;BY;30.98;54.29;-10.76;84;1.12;68
Barabinsk;RU;Russian federation;1510916;Barabinsk;RU;78.35;55.35;-22.01;63;2.12;36
Zheleznodorozhnyy;RU;Russian federation;463355;Zheleznodorozhnyy;RU;38.0;55.75;-9.24;92;1.0;75
Biskamzha;RU;Russian federation;1510030;Biskamzha;RU;89.53;53.45;-13.83;70;2.72;64
Coos bay;US;United states of america;5720495;Coos Bay;US;-124.22;43.37;12.8;79;4.6;90
Najran;SA;Saudi arabia;103630;Najran;SA;44.22;17.54;18.0;48;3.1;0
Fecamp;FR;France;3018794;Fecamp;FR;0.37;49.76;5.48;75;4.1;90
Mianwali;PK;Pakistan;1170425;Mianwali;PK;71.58;32.57;8.15;82;3.87;68
Iracoubo;GF;French guiana;3381428;Iracoubo;GF;-53.21;5.48;24.75;93;2.52;92
Zarand;IR;Iran (islamic republic of);111421;Zarand;IR;56.57;30.81;5.0;32;3.1;0
Wawa;CA;Canada;6177178;Wawa;CA;-84.77;47.99;-18.0;59;3.6;40
Pervomayskoye;RU;Russian federation;1495256;Pervomayskoye;RU;86.23;57.07;-21.51;74;3.17;0
Buta;CD;Congo (democratic republic of the);217570;Buta;CD;24.73;2.79;29.12;40;2.42;0
Springdale;CA;Canada;6154159;Springdale;CA;-56.06;49.5;-0.58;96;5.72;76
Jerantut;MY;Malaysia;1732602;Jerantut;MY;102.37;3.94;22.72;95;0.77;24
Stornoway;GB;United kingdom of great britain and northern ireland;2636790;Stornoway;GB;-6.39;58.21;9.0;87;4.6;75
Nome;US;United states of america;4732862;Nome;US;-94.42;30.04;14.93;30;3.02;1
Trujillo;VE;Venezuela (bolivarian republic of);3625979;Trujillo;VE;-70.44;9.37;23.57;56;0.67;48
Salalah;OM;Oman;286621;Salalah;OM;54.1;17.01;23.0;73;2.1;0
Slave lake;CA;Canada;6149374;Slave Lake;CA;-114.77;55.28;-12.0;78;6.7;20
Kaseda;JP;Japan;1859964;Kaseda;JP;130.32;31.42;13.37;100;7.12;88
Livezile;RO;Romania;674641;Livezile;RO;24.57;47.18;-5.11;92;1.42;88
Sinjar;IQ;Iraq;448149;Sinjar;IQ;41.88;36.32;-2.88;77;1.07;48
Sinegorskiy;RU;Russian federation;492853;Sinegorskiy;RU;40.84;48.01;-7.78;87;4.22;88
Zaragoza;MX;Mexico;3514051;Zaragoza;MX;-97.56;19.77;11.77;81;0.97;76
Los llanos de aridane;ES;Spain;2514651;Los Llanos de Aridane;ES;-17.92;28.66;18.0;59;1.0;75
Manaure;CO;Colombia;3675504;Manaure;CO;-72.45;11.78;28.0;69;5.1;20
Moundou;TD;Chad;2427455;Moundou;TD;16.07;8.57;25.35;44;2.07;0
Dickinson;US;United states of america;5688789;Dickinson;US;-102.79;46.88;6.7;46;4.6;1
Abha;SA;Saudi arabia;110690;Abha;SA;42.5;18.22;14.03;100;0.22;0
Natitingou;BJ;Benin;2392601;Natitingou;BJ;1.38;10.31;31.0;14;1.5;0
Muzhi;RU;Russian federation;1498161;Muzhi;RU;64.7;65.4;-24.76;60;2.62;0
Banamba;ML;Mali;2460546;Banamba;ML;-7.45;13.55;28.35;22;2.07;76
Albenga;IT;Italy;6539671;Albenga;IT;8.22;44.05;8.44;23;3.1;0
Krasnyy yar;RU;Russian federation;541344;Krasnyy Yar;RU;44.73;50.7;-16.98;70;2.92;12
Grand-santi;GF;French guiana;3381538;Grand-Santi;GF;-54.38;4.27;28.37;66;1.52;56
Aviles;ES;Spain;3129135;Aviles;ES;-5.92;43.55;6.0;75;4.1;20
Balkanabat;TM;Turkmenistan;161616;Balkanabat;TM;54.36;39.51;-1.11;96;1.52;24
Shimanovsk;RU;Russian federation;2016701;Shimanovsk;RU;127.67;52.0;-27.43;49;1.27;8
Zhanaozen;KZ;Kazakhstan;607610;Zhanaozen;KZ;52.85;43.35;-0.86;97;2.07;80
Calamar;CO;Colombia;3687975;Calamar;CO;-72.65;1.96;33.25;40;2.52;68
Hambantota;LK;Sri lanka;1244926;Hambantota;LK;81.12;6.12;26.0;88;5.1;75
Santa maria;CV;Cabo verde;3374218;Santa Maria;CV;-22.9;16.6;23.0;64;6.7;0
Guamuchil;MX;Mexico;4005297;Guamuchil;MX;-108.1;25.47;25.75;69;2.17;20
Churapcha;RU;Russian federation;2025241;Churapcha;RU;132.43;62.0;-40.63;90;1.32;32
Bandarbeyla;SO;Somalia;64814;Bandarbeyla;SO;50.81;9.49;24.92;100;8.97;8
Roskovec;AL;Albania;3184290;Roskovec;AL;19.7;40.74;3.72;93;2.42;92
Lingao;CN;China;1803560;Lingao;CN;109.69;19.91;20.42;99;2.22;56
San andres;CO;Colombia;7522928;San Andres;CO;-76.58;8.22;30.0;66;5.1;20
Melioratorov;RU;Russian federation;1499042;Melioratorov;RU;65.61;57.21;-13.0;92;2.0;90
Bonavista;CA;Canada;5905393;Bonavista;CA;-53.11;48.65;5.07;82;5.37;48
Bridlington;GB;United kingdom of great britain and northern ireland;2654728;Bridlington;GB;-0.19;54.08;7.73;87;2.1;88
Umm kaddadah;SD;Sudan;364933;Umm Kaddadah;SD;26.69;13.6;17.9;40;4.12;0
Ahome;MX;Mexico;4019098;Ahome;MX;-109.18;25.92;23.0;53;2.6;40
Tuktoyaktuk;CA;Canada;6170031;Tuktoyaktuk;CA;-133.03;69.44;-38.0;65;3.6;40
Marrakesh;MA;Morocco;2542997;Marrakesh;MA;-7.99;31.63;12.0;37;1.5;0
Olga;RU;Russian federation;2018553;Olga;RU;135.29;43.74;-10.28;40;3.32;0
Zhezkazgan;KZ;Kazakhstan;1516589;Zhezkazgan;KZ;67.71;47.8;-20.26;64;4.07;8
Todos santos;MX;Mexico;3981432;Todos Santos;MX;-110.23;23.45;23.51;73;2.1;5
Vega de alatorre;MX;Mexico;3514843;Vega de Alatorre;MX;-96.65;20.03;20.07;94;2.87;12
Nyurba;RU;Russian federation;2018735;Nyurba;RU;118.35;63.29;-22.16;77;1.37;64
Bilma;NE;Niger;2446796;Bilma;NE;12.92;18.69;14.37;37;1.97;0
Ponta delgada;PT;Portugal;3372783;Ponta Delgada;PT;-25.67;37.73;14.0;71;6.2;20
San patricio;MX;Mexico;3985168;San Patricio;MX;-104.7;19.22;26.77;75;1.42;0
Yerky;UA;Ukraine;701075;Yerky;UA;33.53;49.93;-1.86;94;3.47;92
Ewa beach;US;United states of america;5855051;Ewa Beach;US;-158.01;21.32;22.69;66;2.1;90
Banff;CA;Canada;5892532;Banff;CA;-115.57;51.18;-11.36;75;0.87;0
Kodiak;US;United states of america;4407665;Kodiak;US;-94.76;39.95;1.18;54;4.6;1
Emborion;GR;Greece;736324;Emborion;GR;21.55;40.48;3.22;77;4.27;0
Khuzhir;RU;Russian federation;2022143;Khuzhir;RU;107.35;53.19;-19.61;70;0.67;0
Findhorn;GB;United kingdom of great britain and northern ireland;2649438;Findhorn;GB;-3.61;57.66;8.0;81;5.7;75
Phenix city;US;United states of america;4082866;Phenix City;US;-85.0;32.47;9.6;28;5.7;1
Oakville;US;United states of america;4880620;Oakville;US;-91.04;41.1;-3.28;53;2.6;1
Zhaodong;CN;China;2033168;Zhaodong;CN;125.99;46.07;-21.0;76;1.0;0
Vidim;RU;Russian federation;2013406;Vidim;RU;103.11;56.41;-7.98;92;2.47;68
Charlestown;KN;Saint kitts and nevis;3575479;Charlestown;KN;-62.62;17.13;27.48;54;4.6;20
Pangody;RU;Russian federation;1495626;Pangody;RU;74.49;65.85;-32.53;41;1.42;24
Ribeira grande;PT;Portugal;3372707;Ribeira Grande;PT;-28.7;38.52;14.0;67;7.2;40
Kidal;ML;Mali;2455290;Kidal;ML;1.41;18.44;18.37;26;1.22;0
Aransas pass;US;United states of america;4671141;Aransas Pass;US;-97.15;27.91;18.03;66;4.6;1
Ust-ilimsk;RU;Russian federation;2013952;Ust-Ilimsk;RU;102.73;57.96;-8.08;71;2.97;76
Hinton;CA;Canada;5975503;Hinton;CA;-117.57;53.4;-9.33;92;1.67;0
Eyemouth;GB;United kingdom of great britain and northern ireland;2649784;Eyemouth;GB;-2.09;55.87;9.0;70;6.2;8
Fereydun kenar;IR;Iran (islamic republic of);134602;Fereydun Kenar;IR;52.52;36.69;4.33;93;2.1;0
Tokur;RU;Russian federation;2015217;Tokur;RU;132.9;53.13;-32.16;36;1.07;0
Roswell;US;United states of america;5488441;Roswell;US;-104.52;33.39;11.04;48;3.1;1
Rockland;US;United states of america;4948924;Rockland;US;-70.92;42.13;0.37;55;8.7;80
Zaltan;LY;Libya;2208655;Zaltan;LY;11.87;32.95;12.82;90;3.62;0
Apastovo;RU;Russian federation;581359;Apastovo;RU;48.51;55.2;-10.0;92;3.0;90
Zhezkazgan;KZ;Kazakhstan;1516589;Zhezkazgan;KZ;67.71;47.8;-20.26;64;4.07;8
Waverly;US;United states of america;4792494;Waverly;US;-77.1;37.04;3.96;34;6.2;1
Buta;CD;Congo (democratic republic of the);217570;Buta;CD;24.73;2.79;29.12;40;2.42;0
Wattegama;LK;Sri lanka;1241622;Wattegama;LK;80.68;7.35;20.85;92;1.67;24
Ilmenau;DE;Germany;2896514;Ilmenau;DE;10.91;50.69;-2.0;79;2.6;75
Turukhansk;RU;Russian federation;1488903;Turukhansk;RU;87.96;65.8;-32.01;77;4.07;56
Kula;TR;Turkey;305810;Kula;TR;28.65;38.55;7.9;78;4.97;92
Stabat;ID;Indonesia;1213655;Stabat;ID;98.46;3.76;22.52;94;1.02;56
Kaitong;CN;China;2036338;Kaitong;CN;123.15;44.81;-17.03;61;1.32;0
Nandgaon;IN;India;1261971;Nandgaon;IN;74.66;20.31;12.82;73;2.57;0
West wendover;US;United states of america;5710035;West Wendover;US;-114.07;40.74;2.8;78;2.6;90
Hyvinkaa;FI;Finland;656913;Hyvinkaa;FI;24.87;60.63;-5.0;100;3.6;75
Pevek;RU;Russian federation;2122090;Pevek;RU;170.27;69.7;-12.83;72;9.92;0
Starkville;US;United states of america;4447161;Starkville;US;-88.82;33.45;7.47;42;4.1;1
San jeronimo;MX;Mexico;3982846;San Jeronimo;MX;-110.79;29.37;16.0;93;1.97;90
Pryshyb;UA;Ukraine;693468;Pryshyb;UA;37.65;49.02;-1.63;96;6.82;92
La seyne-sur-mer;FR;France;3006414;La Seyne-sur-Mer;FR;5.88;43.1;4.34;51;2.1;0
Tongren;CN;China;1792592;Tongren;CN;109.18;27.72;0.87;100;1.32;92
Matara;LK;Sri lanka;1235846;Matara;LK;80.54;5.95;25.25;100;1.07;12
Bulgan;MN;Mongolia;2032201;Bulgan;MN;103.53;48.81;-22.11;40;1.07;0
Saint-francois;GP;Guadeloupe;3578441;Saint-Francois;GP;-61.27;16.25;27.0;65;5.7;75
Williston;US;United states of america;5692947;Williston;US;-103.62;48.15;-1.08;59;3.1;1
Eureka;US;United states of america;5563397;Eureka;US;-124.16;40.8;14.2;66;3.6;90
Lagoa;PT;Portugal;2267254;Lagoa;PT;-8.45;37.14;13.0;71;4.1;0
Petropavlovsk-kamchatskiy;RU;Russian federation;2122104;Petropavlovsk-Kamchatskiy;RU;158.65;53.05;-18.0;77;3.0;8
Iranshahr;IR;Iran (islamic republic of);1160939;Iranshahr;IR;60.69;27.21;18.0;52;2.1;0
Nemuro;JP;Japan;2128975;Nemuro;JP;145.57;43.32;-1.18;100;11.32;20
Igboho;NG;Nigeria;2338711;Igboho;NG;3.76;8.84;29.62;40;1.22;0
Pundaguitan;PH;Philippines;1698289;Pundaguitan;PH;126.17;6.37;24.22;100;3.07;92
Camacha;PT;Portugal;2270385;Camacha;PT;-16.33;33.08;16.0;59;1.5;75
Ixtapa;MX;Mexico;4004293;Ixtapa;MX;-105.21;20.71;28.0;65;4.1;5
Douglas;US;United states of america;4191916;Douglas;US;-82.85;31.51;11.18;30;4.6;1
Khowai;IN;India;1266649;Khowai;IN;91.6;24.08;11.77;90;1.57;0
Anshun;CN;China;1817968;Anshun;CN;105.93;26.25;10.57;97;2.32;92
Takoradi;GH;Ghana;2294915;Takoradi;GH;-1.75;4.89;28.62;98;3.67;0
Mama;RU;Russian federation;2020313;Mama;RU;112.9;58.31;-8.36;73;2.52;76
Estelle;US;United states of america;4671240;Estelle;US;-97.01;32.87;9.98;39;3.6;90
Woodward;US;United states of america;4556050;Woodward;US;-99.39;36.43;12.64;40;7.2;75
Muros;ES;Spain;3115824;Muros;ES;-9.06;42.77;8.08;75;3.6;0
Bay roberts;CA;Canada;5895424;Bay Roberts;CA;-53.28;47.58;5.0;100;5.1;90
Nantucket;US;United states of america;4944903;Nantucket;US;-70.1;41.28;1.32;53;5.1;90
Shimanovsk;RU;Russian federation;2016701;Shimanovsk;RU;127.67;52.0;-27.43;49;1.27;8
Teguldet;RU;Russian federation;1489822;Teguldet;RU;88.17;57.31;-18.18;67;2.27;36
Barabinsk;RU;Russian federation;1510916;Barabinsk;RU;78.35;55.35;-22.01;63;2.12;36
Jiaxing;CN;China;1805953;Jiaxing;CN;120.75;30.76;6.0;100;2.0;75
Cacheu;GW;Guinea-bissau;2374311;Cacheu;GW;-16.16;12.27;27.82;73;2.1;0
Kortkeros;RU;Russian federation;544397;Kortkeros;RU;51.56;61.81;-17.0;91;2.0;75
Hegang;CN;China;2036986;Hegang;CN;130.28;47.34;-19.26;72;1.77;0
Abu dhabi;AE;United arab emirates;292968;Abu Dhabi;AE;54.37;24.47;20.48;64;6.2;20
Whitehorse;CA;Canada;6180550;Whitehorse;CA;-135.06;60.72;-28.0;75;2.1;75
Chernyshevskiy;RU;Russian federation;2025456;Chernyshevskiy;RU;112.47;63.01;-18.26;75;1.87;56
Krivosheino;RU;Russian federation;1501795;Krivosheino;RU;83.93;57.34;-26.61;47;2.17;0
Peniche;PT;Portugal;2264923;Peniche;PT;-9.38;39.36;12.61;62;4.1;0
Bondo;CD;Congo (democratic republic of the);218253;Bondo;CD;23.69;3.81;28.22;44;2.07;0
Yarmouth;CA;Canada;6185217;Yarmouth;CA;-66.12;43.84;1.0;74;7.2;75
Porto torres;IT;Italy;3170069;Porto Torres;IT;8.4;40.84;3.0;86;1.0;0
Aswan;EG;Egypt;359792;Aswan;EG;32.9;24.09;10.4;70;3.62;24
Deputatskiy;RU;Russian federation;2028164;Deputatskiy;RU;139.9;69.3;-33.16;41;1.47;44
Russkaya polyana;RU;Russian federation;1493423;Russkaya Polyana;RU;73.88;53.78;-19.76;77;1.52;36
Taoudenni;ML;Mali;2450173;Taoudenni;ML;-3.98;22.68;15.62;24;1.82;0
Sur;OM;Oman;286245;Sur;OM;59.53;22.57;22.85;100;1.07;8
Sai buri;TH;Thailand;1606851;Sai Buri;TH;101.62;6.7;25.17;87;2.12;68
Kaseda;JP;Japan;1859964;Kaseda;JP;130.32;31.42;13.37;100;7.12;88
Jieshi;CN;China;1805857;Jieshi;CN;115.83;22.82;16.72;97;3.97;92
Dehui;CN;China;2037712;Dehui;CN;125.71;44.53;-16.0;77;2.0;0
Cherskiy;RU;Russian federation;2126199;Cherskiy;RU;161.3;68.75;-22.76;33;1.52;0
Haapsalu;EE;Estonia;592225;Haapsalu;EE;23.55;58.95;-4.0;92;3.6;90
Ahmadpur sial;PK;Pakistan;1356491;Ahmadpur Sial;PK;71.77;30.68;16.0;67;2.1;75
Dingwall;GB;United kingdom of great britain and northern ireland;2651245;Dingwall;GB;-4.43;57.6;8.0;87;5.7;75
Hilton head island;US;United states of america;4581833;Hilton Head Island;US;-80.75;32.16;11.17;34;5.7;1
Abu kamal;SY;Syrian arab republic;174448;Abu Kamal;SY;40.92;34.45;3.82;78;3.22;0
Khandyga;RU;Russian federation;2022773;Khandyga;RU;135.58;62.65;-42.36;0;1.17;20
Huntington;US;United states of america;5121636;Huntington;US;-73.43;40.87;0.96;39;9.3;20
Araouane;ML;Mali;2460954;Araouane;ML;-3.53;18.9;19.92;24;1.32;8
Scarborough;GB;United kingdom of great britain and northern ireland;2638419;Scarborough;GB;-0.41;54.28;7.77;87;2.1;80
Geraldton;CA;Canada;5960603;Geraldton;CA;-86.95;49.72;-19.0;49;1.0;75
That phanom;TH;Thailand;1605483;That Phanom;TH;104.73;16.94;23.0;72;3.52;0
Kudat;MY;Malaysia;1736458;Kudat;MY;116.84;6.89;27.0;83;2.1;75
Marsh harbour;BS;Bahamas;3571913;Marsh Harbour;BS;-77.06;26.54;22.1;100;6.42;0
Kropotkin;RU;Russian federation;540761;Kropotkin;RU;40.58;45.43;-0.76;73;5.02;76
Cherkasskoye;RU;Russian federation;569170;Cherkasskoye;RU;47.21;52.43;-14.03;79;1.47;64
Moses lake;US;United states of america;5803990;Moses Lake;US;-119.28;47.13;1.7;95;1.5;90
Slave lake;CA;Canada;6149374;Slave Lake;CA;-114.77;55.28;-12.0;78;6.7;20
Thompson;CA;Canada;6165406;Thompson;CA;-97.86;55.74;-21.0;76;2.1;90
Kudahuvadhoo;MV;Maldives;1337607;Kudahuvadhoo;MV;72.89;2.67;25.07;100;3.47;56
Anaco;VE;Venezuela (bolivarian republic of);3486270;Anaco;VE;-64.46;9.43;32.42;36;5.57;36
Aviles;ES;Spain;3129135;Aviles;ES;-5.92;43.55;6.0;75;4.1;20
Tommot;RU;Russian federation;2015179;Tommot;RU;126.27;58.97;-19.61;70;1.52;76
Staryy nadym;RU;Russian federation;1490918;Staryy Nadym;RU;72.68;65.61;-30.58;68;2.57;20
Vitim;RU;Russian federation;2013375;Vitim;RU;112.57;59.44;-7.66;77;2.87;68
Oum hadjer;TD;Chad;2426370;Oum Hadjer;TD;19.7;13.3;23.37;45;1.97;0
Mamakan;RU;Russian federation;2020311;Mamakan;RU;114.02;57.82;-8.98;72;2.47;56
Olga;RU;Russian federation;2018553;Olga;RU;135.29;43.74;-10.28;40;3.32;0
Ourossogui;SN;Senegal;2246922;Ouro Sogui;SN;-13.32;15.61;26.0;34;1.87;0
Davila;PH;Philippines;1715335;Davila;PH;120.58;18.47;22.0;94;1.0;20
Jalingo;NG;Nigeria;2351027;Jalingo;NG;10.93;10.3;25.02;35;2.12;0
Baruun-urt;MN;Mongolia;2032614;Baruun-Urt;MN;113.28;46.68;-17.78;67;6.17;0
Bouza;NE;Niger;2446466;Bouza;NE;6.04;14.42;23.77;47;1.42;0
Cabo san lucas;MX;Mexico;3985710;Cabo San Lucas;MX;-109.91;22.89;23.54;73;2.1;5
Roura;GF;French guiana;3380450;Roura;GF;-52.33;4.73;28.0;69;4.6;75
Road town;VG;Virgin islands (british);3577430;Road Town;VG;-64.62;18.42;27.89;65;4.1;20
Adilabad;IN;India;1279344;Adilabad;IN;78.53;19.68;12.35;72;1.97;0
Muros;ES;Spain;3115824;Muros;ES;-9.06;42.77;8.08;75;3.6;0
Erdenet;MN;Mongolia;2031405;Erdenet;MN;104.04;49.03;-26.01;38;1.17;0
Novaya igirma;RU;Russian federation;2019004;Novaya Igirma;RU;103.93;57.14;-7.88;83;3.12;64
Lulea;SE;Sweden;604490;Lulea;SE;22.15;65.58;0.0;87;6.7;0
Meadow lake;CA;Canada;6071421;Meadow Lake;CA;-108.44;54.13;-14.0;77;3.1;90
Bosaso;SO;Somalia;64013;Bosaso;SO;49.18;11.28;23.47;100;3.32;8
Black river;JM;Jamaica;3491355;Black River;JM;-77.85;18.03;28.0;65;3.1;20
Fuzhou;CN;China;1810821;Fuzhou;CN;119.3;26.08;13.0;93;2.0;90
Oum hadjer;TD;Chad;2426370;Oum Hadjer;TD;19.7;13.3;23.37;45;1.97;0
Jieshi;CN;China;1805857;Jieshi;CN;115.83;22.82;16.72;97;3.97;92
Yatou;CN;China;1783956;Yatou;CN;104.32;33.81;-11.08;79;0.97;0
Porto novo;CV;Cabo verde;3374336;Porto Novo;CV;-25.06;17.02;25.0;47;12.3;0
Bubaque;GW;Guinea-bissau;2374583;Bubaque;GW;-15.83;11.28;30.42;77;1.47;0
Quang ngai;VN;Viet nam;1568770;Quang Ngai;VN;108.8;15.12;19.57;100;1.07;92
Rosarito;MX;Mexico;3980161;Rosarito;MX;-109.91;27.04;23.0;60;4.6;75
Churapcha;RU;Russian federation;2025241;Churapcha;RU;132.43;62.0;-40.63;90;1.32;32
Naze;JP;Japan;1855540;Naze;JP;129.48;28.37;17.9;100;3.87;68
Aktau;KZ;Kazakhstan;610612;Aktau;KZ;51.16;43.65;-2.0;100;3.0;90
Gasa;BT;Bhutan;1252578;Gasa;BT;89.73;27.91;-31.88;21;0.12;0
Changde;CN;China;1791121;Changde;CN;111.68;29.04;1.92;100;1.62;92
Tianpeng;CN;China;1797543;Tianpeng;CN;112.34;28.88;3.57;100;2.87;92
Santa maria del oro;MX;Mexico;3984078;Santa Maria del Oro;MX;-105.37;25.95;17.85;57;1.67;0
Las cruces;US;United states of america;5475352;Las Cruces;US;-106.78;32.31;11.52;49;1.5;75
Puerto madero;MX;Mexico;3520989;Puerto Madero;MX;-92.42;14.72;30.0;66;4.1;40
Doembang nangbuat;TH;Thailand;1620010;Doembang Nangbuat;TH;100.1;14.85;21.72;96;1.12;24
Haimen;CN;China;1801200;Haimen;CN;121.18;31.87;5.72;100;3.27;92
Makakilo city;US;United states of america;5850554;Makakilo City;US;-158.09;21.35;22.69;66;2.1;90
Komsomolskiy;RU;Russian federation;1486910;Komsomolskiy;RU;63.78;67.55;-26.68;47;3.67;32
Farmington;US;United states of america;5467328;Farmington;US;-108.21;36.73;2.52;64;1.87;75
Boa vista;BR;Brazil;3664980;Boa Vista;BR;-60.67;2.82;33.0;36;7.2;75
Suluq;LY;Libya;81604;Suluq;LY;20.25;31.67;8.67;70;2.67;0
Montmagny;CA;Canada;6325529;Montmagny;CA;-70.56;46.98;-1.0;63;2.6;75
Mantua;CU;Cuba;3547930;Mantua;CU;-84.28;22.29;24.37;64;3.37;0
Koutiala;ML;Mali;2454268;Koutiala;ML;-5.46;12.39;28.52;28;1.62;0
Magadan;RU;Russian federation;2123628;Magadan;RU;150.8;59.56;-17.08;100;4.27;0
Honolulu;US;United states of america;5856195;Honolulu;US;-157.86;21.3;22.69;66;2.57;40
Ilmenau;DE;Germany;2896514;Ilmenau;DE;10.91;50.69;-2.0;79;2.6;75
Matagami;CA;Canada;6067747;Matagami;CA;-77.63;49.76;-22.0;83;9.8;90
Elko;US;United states of america;5703670;Elko;US;-115.76;40.83;0.6;100;2.1;90
Sosnovo-ozerskoye;RU;Russian federation;2016216;Sosnovo-Ozerskoye;RU;111.54;52.53;-22.98;45;1.42;0
Havelock;US;United states of america;4470244;Havelock;US;-76.9;34.88;5.23;36;8.2;1
Okha;RU;Russian federation;2122614;Okha;RU;142.95;53.59;-12.61;91;11.07;80
Dingle;IE;Ireland;2964782;Dingle;IE;-10.27;52.14;10.0;100;0.5;90
Ukiah;US;United states of america;5404476;Ukiah;US;-123.21;39.15;12.2;74;1.5;40
Aklavik;CA;Canada;5882953;Aklavik;CA;-135.01;68.22;-33.63;67;3.1;75
Corinto;NI;Nicaragua;3620269;Corinto;NI;-87.17;12.48;31.12;52;2.22;0
Sigli;ID;Indonesia;1213821;Sigli;ID;95.96;5.38;25.42;92;2.32;20
Poronaysk;RU;Russian federation;2121909;Poronaysk;RU;143.1;49.22;-15.11;83;3.92;20
Sorland;NO;Norway;3137469;Sorland;NO;12.69;67.67;0.45;86;22.1;75
Santiago de cuba;CU;Cuba;3536729;Santiago de Cuba;CU;-75.83;20.03;28.37;45;2.6;40
Kita;ML;Mali;2455216;Kita;ML;-9.49;13.04;29.92;22;1.82;32
Parrita;CR;Costa rica;3622537;Parrita;CR;-84.33;9.52;26.5;44;7.2;0
Toba;JP;Japan;1850345;Toba;JP;136.83;34.47;5.0;86;5.7;75
Amasia;AM;Armenia;616971;Amasia;AM;43.79;40.96;-11.0;78;0.5;24
Haifa;IL;Israel;294801;Haifa;IL;35.0;32.82;13.0;58;3.6;0
Hovd;MN;Mongolia;1516048;Hovd;MN;91.64;48.01;-29.83;27;0.52;0
Preeceville;CA;Canada;6112862;Preeceville;CA;-102.67;51.95;-13.01;76;3.22;92
Bekhtery;UA;Ukraine;712682;Bekhtery;UA;32.3;46.25;2.0;90;4.0;90
Manzanillo;MX;Mexico;3996663;Manzanillo;MX;-104.32;19.05;26.77;75;1.42;0
South sioux city;US;United states of america;5079250;South Sioux City;US;-96.41;42.47;-0.68;63;7.7;1
Kyrylivka;UA;Ukraine;689198;Kyrylivka;UA;37.3;47.65;0.22;99;8.17;92
Acapulco;MX;Mexico;3533462;Acapulco;MX;-99.88;16.86;30.0;66;3.1;20
Cuajinicuilapa;MX;Mexico;3530046;Cuajinicuilapa;MX;-98.41;16.47;28.27;88;1.67;0
Ozinki;RU;Russian federation;513328;Ozinki;RU;49.73;51.2;-14.36;82;3.57;80
Torbay;CA;Canada;6167817;Torbay;CA;-52.73;47.66;5.0;100;5.1;90
Dzitas;MX;Mexico;3529652;Dzitas;MX;-88.52;20.85;26.0;57;5.1;75
Banda aceh;ID;Indonesia;1215502;Banda Aceh;ID;95.32;5.56;24.67;96;1.57;80
Nanortalik;GL;Greenland;3421765;Nanortalik;GL;-45.24;60.14;-0.18;85;13.12;88
Pudozh;RU;Russian federation;504269;Pudozh;RU;36.54;61.81;-7.13;91;2.87;76
Rayachoti;IN;India;1258291;Rayachoti;IN;78.75;14.06;14.75;90;2.07;0
Mayo;CA;Canada;6068416;Mayo;CA;-135.9;63.59;-33.0;74;1.17;90
Nouadhibou;MR;Mauritania;2377457;Nouadhibou;MR;-17.03;20.93;20.0;56;6.7;0
Kapit;MY;Malaysia;1737185;Kapit;MY;112.94;2.02;22.92;98;0.92;68
Husavik;IS;Iceland;2629833;Husavik;IS;-17.34;66.04;-2.01;94;5.27;0
Tallahassee;US;United states of america;4174715;Tallahassee;US;-84.28;30.44;13.04;28;4.6;1
Provideniya;RU;Russian federation;4031574;Provideniya;RU;-173.23;64.42;-17.18;100;11.37;32
Meulaboh;ID;Indonesia;1214488;Meulaboh;ID;96.13;4.14;26.5;100;1.52;92
Sal rei;CV;Cabo verde;3374235;Sal Rei;CV;-22.92;16.18;23.0;64;6.2;0
Saiha;IN;India;1257771;Saiha;IN;92.98;22.49;10.1;85;1.12;0
Harer;ET;Ethiopia;335035;Harer;ET;42.13;9.31;9.97;72;1.22;12
Dzitas;MX;Mexico;3529652;Dzitas;MX;-88.52;20.85;26.0;57;5.1;75
Pacific grove;US;United states of america;5380437;Pacific Grove;US;-121.92;36.62;12.15;74;1.77;1
Prince rupert;CA;Canada;6113406;Prince Rupert;CA;-130.32;54.32;7.0;87;5.7;90
Yangambi;CD;Congo (democratic republic of the);203717;Yangambi;CD;24.47;0.77;24.1;94;0.97;32
Batagay-alyta;RU;Russian federation;2027042;Batagay-Alyta;RU;130.41;67.8;-34.38;45;1.17;64
Tala;EG;Egypt;347612;Tala;EG;30.94;30.68;5.47;79;1.57;0
Kuandian;CN;China;2036283;Kuandian;CN;124.78;40.73;-18.66;57;1.17;0
Abalak;NE;Niger;2448245;Abalak;NE;6.28;15.46;22.27;51;1.32;12
Umm lajj;SA;Saudi arabia;100926;Umm Lajj;SA;37.27;25.02;18.42;96;5.02;68
Evanston;US;United states of america;4891382;Evanston;US;-87.69;42.04;-5.24;61;4.37;90
Soria;ES;Spain;3108681;Soria;ES;-2.46;41.76;-3.53;71;4.12;0
Matias romero;MX;Mexico;3523450;Matias Romero;MX;-95.03;16.88;21.12;78;7.12;64
Petawawa;CA;Canada;6101607;Petawawa;CA;-77.27;45.89;-13.0;60;9.3;40
Kharp;RU;Russian federation;1503726;Kharp;RU;65.8;66.82;-34.91;51;1.42;0
French harbor;HN;Honduras;3609667;French Harbor;HN;-86.43;16.35;26.0;78;6.2;40
Laerdalsoyri;NO;Norway;3148569;Laerdalsoyri;NO;7.48;61.1;3.0;100;22.6;75
Paraiso;MX;Mexico;4011743;Paraiso;MX;-104.61;24.01;20.0;24;3.1;5
Eureka;US;United states of america;5563397;Eureka;US;-124.16;40.8;14.2;66;3.6;90
Lahij;YE;Yemen;73560;Lahij;YE;44.88;13.06;17.92;96;1.42;20
Pakala;IN;India;1260830;Pakala;IN;79.11;13.45;15.62;94;1.62;0
Klyuchi;RU;Russian federation;1503153;Klyuchi;RU;79.17;52.25;-18.38;68;1.52;36
Poros;GR;Greece;736151;Poros;GR;21.53;40.11;3.22;77;4.27;0
Nuuk;GL;Greenland;3421319;Nuuk;GL;-51.74;64.17;-9.0;78;4.6;20
Zakharovo;RU;Russian federation;465446;Zakharovo;RU;39.28;54.37;-10.18;86;2.22;68
Fort nelson;CA;Canada;5955902;Fort Nelson;CA;-122.69;58.81;-23.0;76;2.1;75
Nalut;LY;Libya;2214433;Nalut;LY;10.98;31.86;10.02;58;5.42;0
Balkhash;KZ;Kazakhstan;1525798;Balkhash;KZ;74.98;46.84;-11.43;100;2.02;44
Pangnirtung;CA;Canada;6096551;Pangnirtung;CA;-65.72;66.15;-31.0;67;1.0;5
Shieli;KZ;Kazakhstan;1524801;Shieli;KZ;66.74;44.18;-2.63;90;5.47;20
Kanata;CA;Canada;6094817;Kanata;CA;-75.9;45.32;-8.47;66;11.8;75
Fukue;JP;Japan;1848373;Fukue;JP;136.69;35.03;3.29;86;5.7;75
Palauig;PH;Philippines;1696188;Palauig;PH;119.9;15.44;23.52;92;2.97;0
Ola;RU;Russian federation;2122574;Ola;RU;151.3;59.58;-18.61;100;4.57;0
Manadhoo;MV;Maldives;1337618;Manadhoo;MV;73.38;5.77;27.6;100;2.87;0
Verkhnyaya inta;RU;Russian federation;1487332;Verkhnyaya Inta;RU;60.32;65.99;-20.53;81;2.07;56
San jeronimo;MX;Mexico;3982846;San Jeronimo;MX;-110.79;29.37;16.0;93;1.97;90
Krivosheino;RU;Russian federation;1501795;Krivosheino;RU;83.93;57.34;-26.61;47;2.17;0
Bilibino;RU;Russian federation;2126682;Bilibino;RU;166.44;68.06;-17.61;61;2.12;8
Hachinohe;JP;Japan;2130203;Hachinohe;JP;141.48;40.47;1.0;59;7.7;75
Kahului;US;United states of america;5847411;Kahului;US;-156.47;20.89;21.25;96;2.77;40
Wuhu;CN;China;1791236;Wuhu;CN;118.43;31.35;4.0;100;1.0;90
Rosarito;MX;Mexico;3980161;Rosarito;MX;-109.91;27.04;23.0;60;4.6;75
Kisangani;CD;Congo (democratic republic of the);212730;Kisangani;CD;25.21;0.52;26.77;76;0.92;56
Ranong;TH;Thailand;1150965;Ranong;TH;98.62;9.96;27.0;78;1.5;20
Mayo;CA;Canada;6068416;Mayo;CA;-135.9;63.59;-33.0;74;1.17;90
Freeport;US;United states of america;4893171;Freeport;US;-89.62;42.3;-4.99;61;2.07;1
Belen;US;United states of america;5456975;Belen;US;-106.78;34.66;5.38;60;0.42;75
Acapulco;MX;Mexico;3533462;Acapulco;MX;-99.88;16.86;30.0;66;3.1;20
Krasnoshchekovo;RU;Russian federation;1502066;Krasnoshchekovo;RU;82.73;51.67;-13.88;83;1.87;80
Atar;MR;Mauritania;2381334;Atar;MR;-13.05;20.52;27.0;14;5.1;0
Gerash;IR;Iran (islamic republic of);133595;Gerash;IR;54.14;27.67;12.0;50;1.52;0
Podkumskiy;RU;Russian federation;508257;Podkumskiy;RU;43.21;44.08;-4.0;92;9.0;0
Chunoyar;RU;Russian federation;1507638;Chunoyar;RU;97.32;57.45;-11.76;57;2.87;44
Quang ngai;VN;Viet nam;1568770;Quang Ngai;VN;108.8;15.12;19.57;100;1.07;92
Ostrovnoy;RU;Russian federation;556268;Ostrovnoy;RU;39.51;68.05;-11.16;84;12.77;88
Hofn;IS;Iceland;2630299;Hofn;IS;-15.21;64.25;6.0;48;3.6;20
Adre;TD;Chad;245669;Adre;TD;22.2;13.47;22.12;37;2.92;0
Alamosa;US;United states of america;5411479;Alamosa;US;-105.87;37.47;-3.5;64;1.67;1
Hailar;CN;China;2037078;Hailar;CN;119.7;49.2;-24.76;37;1.97;0
Belaguntha;IN;India;1276568;Belaguntha;IN;84.65;19.88;11.82;81;1.17;0
The valley;AI;Anguilla;3573374;The Valley;AI;-63.06;18.22;26.53;65;4.6;20
Zhigansk;RU;Russian federation;2012530;Zhigansk;RU;123.37;66.77;-40.01;86;2.42;32
High level;CA;Canada;5975004;High Level;CA;-117.13;58.52;-20.58;66;2.57;92
Abhar;IR;Iran (islamic republic of);145034;Abhar;IR;49.22;36.14;-10.78;65;1.62;0
Gorin;RU;Russian federation;2023943;Gorin;RU;136.66;51.2;-30.08;32;0.42;0
Valkeala;FI;Finland;632669;Valkeala;FI;26.8;60.94;-6.0;92;4.6;90
Chokurdakh;RU;Russian federation;2126123;Chokurdakh;RU;147.9;70.62;-37.03;64;3.42;8
Severomuysk;RU;Russian federation;2016907;Severomuysk;RU;113.57;56.17;-21.11;72;1.72;24
Sisimiut;GL;Greenland;3419842;Sisimiut;GL;-53.67;66.94;-28.33;100;0.82;0
Skjervoy;NO;Norway;777682;Skjervoy;NO;20.97;70.03;0.45;74;8.2;90
Hami;CN;China;1529484;Hami;CN;93.51;42.84;-12.63;59;0.27;76
Zunyi;CN;China;1783621;Zunyi;CN;106.92;27.73;1.15;100;1.22;92
Chunoyar;RU;Russian federation;1507638;Chunoyar;RU;97.32;57.45;-11.76;57;2.87;44
Tateyama;JP;Japan;1849876;Tateyama;JP;137.31;36.66;0.15;100;1.42;92
Remedios;PA;Panama;3701491;Remedios;PA;-81.83;8.23;31.0;52;4.1;20
Raduzhnyy;RU;Russian federation;1540356;Raduzhnyy;RU;77.47;62.1;-27.93;53;6.52;36
Mountrath;IE;Ireland;2962465;Mountrath;IE;-7.47;53.0;6.6;96;1.37;92
Norman wells;CA;Canada;6089245;Norman Wells;CA;-126.83;65.28;-36.0;73;3.6;90
Ossora;RU;Russian federation;2122389;Ossora;RU;163.07;59.24;-4.18;86;2.77;56
Saint albans;US;United states of america;5240569;Saint Albans;US;-73.08;44.81;-6.53;77;6.02;90
Rossosh;RU;Russian federation;501231;Rossosh;RU;39.58;50.2;-5.26;94;4.67;92
Rudbar;AF;Afghanistan;1128239;Rudbar;AF;62.6;30.15;12.52;48;4.22;0
Clyde river;CA;Canada;5924351;Clyde River;CA;-68.59;70.47;-32.0;74;2.1;20
Whitefish;US;United states of america;5686121;Whitefish;US;-114.33;48.41;1.1;85;1.22;90
Grand-lahou;CI;Côte d'ivoire;2288105;Grand-Lahou;CI;-5.0;5.24;29.4;64;3.47;12
Santiago de cuba;CU;Cuba;3536729;Santiago de Cuba;CU;-75.83;20.03;28.37;45;2.6;40
Talnakh;RU;Russian federation;1490256;Talnakh;RU;88.39;69.49;-34.93;51;1.62;56
Lai;TD;Chad;2429296;Lai;TD;16.3;9.4;25.65;45;1.32;0
Predejane;RS;Serbia;786806;Predejane;RS;22.13;42.83;-3.0;92;7.7;90
Xichang;CN;China;1789647;Xichang;CN;102.25;27.88;6.37;27;1.17;0
Kovur;IN;India;1265888;Kovur;IN;79.99;14.5;16.9;89;1.42;0
Oakville;US;United states of america;4880620;Oakville;US;-91.04;41.1;-3.28;53;2.6;1
Ketchikan;US;United states of america;5554428;Ketchikan;US;-131.65;55.34;6.87;88;10.3;90
Telimele;GN;Guinea;2414926;Telimele;GN;-13.03;10.9;30.72;36;1.72;0
Olbia;IT;Italy;6540127;Olbia;IT;9.49;40.92;7.0;99;3.1;20
Novopavlovka;RU;Russian federation;2018896;Novopavlovka;RU;109.22;51.21;-25.73;39;1.07;0
Matamoros;MX;Mexico;3996426;Matamoros;MX;-103.23;25.53;22.0;37;2.6;5
Puerto berrio;CO;Colombia;3671540;Puerto Berrio;CO;-74.4;6.49;26.82;78;0.72;8
Hilo;US;United states of america;5855927;Hilo;US;-155.08;19.71;23.3;73;2.6;1
Ewa beach;US;United states of america;5855051;Ewa Beach;US;-158.01;21.32;22.69;66;2.1;90
Ilulissat;GL;Greenland;3423146;Ilulissat;GL;-51.1;69.22;-19.0;44;0.5;20
Dwarka;IN;India;1273294;Dwarka;IN;77.04;28.58;11.0;81;1.22;20
Mantua;CU;Cuba;3547930;Mantua;CU;-84.28;22.29;24.37;64;3.37;0
Sturgeon falls;CA;Canada;5952554;Sturgeon Falls;CA;-79.93;46.36;-17.0;77;7.7;90
Anadyr;RU;Russian federation;2127202;Anadyr;RU;177.51;64.73;-10.0;72;14.0;20
Mahibadhoo;MV;Maldives;1337605;Mahibadhoo;MV;72.97;3.78;27.6;100;6.72;36
Mokhsogollokh;RU;Russian federation;2019867;Mokhsogollokh;RU;128.95;61.4;-31.23;70;1.32;48
Leo;BF;Burkina faso;2358382;Leo;BF;-2.1;11.1;30.0;29;1.27;0
Rewari;IN;India;1258178;Rewari;IN;76.62;28.2;11.0;81;1.22;20
Chany;RU;Russian federation;1508458;Chany;RU;76.76;55.31;-25.61;65;1.42;32
Erzin;RU;Russian federation;1506938;Erzin;RU;95.16;50.26;-31.28;61;0.77;32
Verkh-usugli;RU;Russian federation;2013459;Verkh-Usugli;RU;115.17;52.7;-22.58;59;1.07;8
Ordu;TR;Turkey;741100;Ordu;TR;37.88;40.98;7.0;52;1.0;0
Arlit;NE;Niger;2447513;Arlit;NE;7.39;18.74;15.37;60;1.07;0
Harper;LR;Liberia;2276492;Harper;LR;-7.71;4.38;28.02;100;4.62;44
Myski;RU;Russian federation;1498129;Myski;RU;87.8;53.71;-12.86;77;2.17;64
Iracoubo;GF;French guiana;3381428;Iracoubo;GF;-53.21;5.48;24.75;93;2.52;92
Atyrau;KZ;Kazakhstan;610529;Atyrau;KZ;51.92;47.1;-8.0;85;3.0;75
Shimoda;JP;Japan;1852357;Shimoda;JP;138.93;34.7;11.65;100;7.62;0
Lahij;YE;Yemen;73560;Lahij;YE;44.88;13.06;17.92;96;1.42;20
Masyaf;SY;Syrian arab republic;167046;Masyaf;SY;36.34;35.06;10.0;57;1.5;0
College;US;United states of america;5859699;College;US;-147.8;64.86;-30.53;75;1.52;75
Soroti;UG;Uganda;226234;Soroti;UG;33.61;1.71;24.17;35;6.27;0
Axim;GH;Ghana;2303611;Axim;GH;-2.24;4.87;28.87;97;4.22;0
Lere;NG;Nigeria;2332079;Lere;NG;8.57;10.39;25.37;40;1.77;0
Iqaluit;CA;Canada;5983720;Iqaluit;CA;-68.52;63.75;-31.0;67;6.7;75
Gboko;NG;Nigeria;2318374;Gboko;NG;9.0;7.32;28.85;54;1.27;0
Lebedinyy;RU;Russian federation;2020871;Lebedinyy;RU;125.52;58.52;-15.76;68;2.42;76
Moose factory;CA;Canada;6078372;Moose Factory;CA;-80.61;51.26;-22.0;63;6.2;1
Gonzaga;PH;Philippines;1712751;Gonzaga;PH;121.99;18.26;19.72;100;1.22;56
South lake tahoe;US;United states of america;5397664;South Lake Tahoe;US;-119.98;38.93;4.07;52;1.42;1
Vlagtwedde;NL;Netherlands;2745461;Vlagtwedde;NL;7.11;53.03;2.64;100;3.6;90
Beinamar;TD;Chad;2435708;Beinamar;TD;15.38;8.67;24.1;54;1.62;0
Tongren;CN;China;1792592;Tongren;CN;109.18;27.72;0.87;100;1.32;92
Ippy;CF;Central african republic;238566;Ippy;CF;21.2;6.26;25.32;50;2.87;0
Lingao;CN;China;1803560;Lingao;CN;109.69;19.91;20.42;99;2.22;56
Aljezur;PT;Portugal;2271968;Aljezur;PT;-8.8;37.31;14.72;93;6.02;0
Sarkand;KZ;Kazakhstan;1519691;Sarkand;KZ;79.91;45.41;-8.93;83;1.17;36
Bongandanga;CD;Congo (democratic republic of the);218229;Bongandanga;CD;21.07;1.51;26.4;76;1.22;20
Sterling;US;United states of america;4787534;Sterling;US;-77.4;39.0;1.92;41;10.8;20
Phalodi;IN;India;1259813;Phalodi;IN;72.36;27.13;13.6;54;3.47;0
San vicente;PH;Philippines;1687428;San Vicente;PH;122.87;14.11;26.67;98;10.32;92
Provideniya;RU;Russian federation;4031574;Provideniya;RU;-173.23;64.42;-17.18;100;11.37;32
Yendi;GH;Ghana;2293801;Yendi;GH;0.0;9.45;33.67;33;1.22;0
Benghazi;LY;Libya;88319;Benghazi;LY;20.07;32.12;17.0;100;8.72;0
Mangan;IN;India;1263776;Mangan;IN;88.54;27.5;-13.33;57;0.57;0
Aykhal;RU;Russian federation;2027296;Aykhal;RU;111.51;65.95;-32.68;39;1.22;48
Veraval;IN;India;1253237;Veraval;IN;70.37;20.9;21.62;65;3.47;0
Miri;MY;Malaysia;1738050;Miri;MY;114.01;4.41;24.0;100;1.5;75
Palmer;US;United states of america;5871146;Palmer;US;-149.11;61.6;-11.84;87;0.52;90
Kjopsvik;NO;Norway;3150002;Kjopsvik;NO;16.37;68.1;0.0;100;20.1;75
Baculin;PH;Philippines;1729469;Baculin;PH;126.58;7.45;23.0;100;3.27;88
Goba;ET;Ethiopia;336350;Goba;ET;39.97;7.01;9.02;58;1.52;0
Gao;ML;Mali;2457163;Gao;ML;-0.04;16.28;23.62;23;1.22;12
Oda;JP;Japan;1854774;Oda;JP;132.5;35.19;9.27;100;5.12;76
Whitefish;US;United states of america;5686121;Whitefish;US;-114.33;48.41;1.1;85;1.22;90
Sorochinsk;RU;Russian federation;490554;Sorochinsk;RU;53.15;52.43;-14.58;83;1.42;80
Moron;MN;Mongolia;2029947;Moron;MN;110.32;47.38;-25.88;38;1.37;0
Port hardy;CA;Canada;6111862;Port Hardy;CA;-127.42;50.7;8.0;87;1.5;75
Siocon;PH;Philippines;1724435;Siocon;PH;124.04;11.03;26.57;98;9.22;68
Strezhevoy;RU;Russian federation;1490796;Strezhevoy;RU;77.6;60.73;-34.0;73;2.0;0
Oktyabrskiy;RU;Russian federation;515873;Oktyabrskiy;RU;37.97;55.61;-9.22;92;1.0;75
Westerland;DE;Germany;2810284;Westerland;DE;8.3;54.91;5.15;93;6.57;92
Joshimath;IN;India;1268814;Joshimath;IN;79.57;30.57;-13.88;100;0.32;76
Tinskoy;RU;Russian federation;1489571;Tinskoy;RU;96.92;56.15;-9.23;68;2.62;76
Mutsu;JP;Japan;2127878;Mutsu;JP;141.2;41.29;0.12;100;8.27;36
Tuktoyaktuk;CA;Canada;6170031;Tuktoyaktuk;CA;-133.03;69.44;-38.0;65;3.6;40
Sainte-anne-des-monts;CA;Canada;6137749;Sainte-Anne-des-Monts;CA;-66.49;49.13;-3.11;95;10.62;88
Khatanga;RU;Russian federation;2022572;Khatanga;RU;102.47;71.98;-36.51;60;2.72;0
Meadow lake;CA;Canada;6071421;Meadow Lake;CA;-108.44;54.13;-14.0;77;3.1;90
Peniche;PT;Portugal;2264923;Peniche;PT;-9.38;39.36;12.61;62;4.1;0
Pilibanga;IN;India;1259688;Pilibanga;IN;74.08;29.49;11.82;79;3.17;48
Longyearbyen;SJ;Svalbard and jan mayen;2729907;Longyearbyen;SJ;15.64;78.22;-6.0;79;15.4;90
Ojinaga;MX;Mexico;3994469;Ojinaga;MX;-104.42;29.57;14.8;52;1.02;1
Pilibanga;IN;India;1259688;Pilibanga;IN;74.08;29.49;11.82;79;3.17;48
Gwadar;PK;Pakistan;1177446;Gwadar;PK;62.33;25.12;22.4;94;5.37;0
Tiznit;MA;Morocco;2527089;Tiznit;MA;-9.73;29.7;14.32;78;2.37;0
Salisbury;CA;Canada;6139354;Salisbury;CA;-65.04;46.03;-2.0;79;7.7;90
Galle;LK;Sri lanka;1246294;Galle;LK;80.22;6.04;25.25;100;1.07;12
Riyadh;SA;Saudi arabia;108410;Riyadh;SA;46.72;24.63;12.0;34;2.1;0
Otta;NO;Norway;3143120;Otta;NO;9.54;61.77;-3.36;97;2.22;36
Monywa;MM;Myanmar;1308522;Monywa;MM;95.13;22.12;15.82;92;1.77;0
Bosanska dubica;BA;Bosnia and herzegovina;3203657;Bosanska Dubica;BA;16.81;45.18;1.0;95;3.1;75
Nouakchott;MR;Mauritania;2377450;Nouakchott;MR;-15.98;18.08;23.0;31;4.6;0
El tocuyo;VE;Venezuela (bolivarian republic of);3641275;El Tocuyo;VE;-69.8;9.79;28.0;48;3.1;75
Kuusamo;FI;Finland;649924;Kuusamo;FI;29.19;65.96;-7.0;85;9.8;90
Zunyi;CN;China;1783621;Zunyi;CN;106.92;27.73;1.15;100;1.22;92
Uruzgan;AF;Afghanistan;1131462;Uruzgan;AF;66.63;32.93;-5.86;91;0.97;88
Ferrol;ES;Spain;3123493;Ferrol;ES;-8.23;43.48;6.86;65;2.6;0
Kapaa;US;United states of america;5848280;Kapaa;US;-159.32;22.08;22.05;84;3.1;40
Ciumani;RO;Romania;681436;Ciumani;RO;25.52;46.68;-7.88;90;0.97;80
Altay;CN;China;1529651;Altay;CN;88.13;47.83;-13.28;77;0.92;80
Ouadda;CF;Central african republic;236901;Ouadda;CF;22.4;8.07;23.92;48;2.82;0
Zapolyarnyy;RU;Russian federation;464790;Zapolyarnyy;RU;30.82;69.43;-2.0;86;16.5;75
Verkhnyaya inta;RU;Russian federation;1487332;Verkhnyaya Inta;RU;60.32;65.99;-20.53;81;2.07;56
Santa cruz;CR;Costa rica;3621607;Santa Cruz;CR;-85.58;10.26;33.0;41;7.7;0
Iqaluit;CA;Canada;5983720;Iqaluit;CA;-68.52;63.75;-31.0;67;6.7;75
Lander;US;United states of america;5830007;Lander;US;-108.73;42.83;-2.13;59;4.1;1
Moron;MN;Mongolia;2029947;Moron;MN;110.32;47.38;-25.88;38;1.37;0
Srednekolymsk;RU;Russian federation;2121025;Srednekolymsk;RU;153.71;67.46;-35.88;57;1.17;48
Krasnyy chikoy;RU;Russian federation;2012349;Krasnyy Chikoy;RU;108.75;50.36;-25.66;38;0.97;0
Las cruces;US;United states of america;5475352;Las Cruces;US;-106.78;32.31;11.52;49;1.5;75
Asyut;EG;Egypt;359783;Asyut;EG;31.19;27.18;13.0;54;6.2;0
Clarence town;BS;Bahamas;3572640;Clarence Town;BS;-74.98;23.1;24.15;100;4.47;44
Sicamous;CA;Canada;6147353;Sicamous;CA;-118.99;50.84;-2.0;92;1.0;90
Kupino;RU;Russian federation;1501365;Kupino;RU;77.31;54.36;-22.03;63;1.42;44
Shemgang;BT;Bhutan;1252451;Shemgang;BT;90.66;27.22;7.4;93;0.87;8
Zhanakorgan;KZ;Kazakhstan;1517323;Zhanakorgan;KZ;67.25;43.91;-5.83;73;1.87;0
Bunia;CD;Congo (democratic republic of the);217695;Bunia;CD;30.25;1.56;19.47;74;0.92;0
Balkanabat;TM;Turkmenistan;161616;Balkanabat;TM;54.36;39.51;-1.11;96;1.52;24
Shchigry;RU;Russian federation;495206;Shchigry;RU;36.91;51.87;-3.73;93;4.57;92
Govindgarh;IN;India;1270854;Govindgarh;IN;77.0;27.5;9.02;79;1.67;76
Tallahassee;US;United states of america;4174715;Tallahassee;US;-84.28;30.44;13.04;28;4.6;1
Velikiy ustyug;RU;Russian federation;476062;Velikiy Ustyug;RU;46.3;60.76;-8.18;83;4.12;88
Pochutla;MX;Mexico;3517970;Pochutla;MX;-96.47;15.74;29.44;62;5.1;40
Kargasok;RU;Russian federation;1504382;Kargasok;RU;80.87;59.06;-23.68;73;1.62;24
Bijie;CN;China;1816373;Bijie;CN;105.3;27.3;1.07;98;1.37;76
Varnavino;RU;Russian federation;543704;Varnavino;RU;46.56;61.19;-7.68;85;3.87;76
Pedasi;PA;Panama;3703239;Pedasi;PA;-80.03;7.53;26.4;99;7.47;0
Huaihua;CN;China;1807689;Huaihua;CN;109.96;27.56;1.47;100;1.42;92
Vila franca do campo;PT;Portugal;3372472;Vila Franca do Campo;PT;-25.43;37.72;14.0;71;6.2;20
Oussouye;SN;Senegal;2246901;Oussouye;SN;-16.54;12.49;27.86;73;2.1;0
Ardakan;IR;Iran (islamic republic of);143073;Ardakan;IR;54.02;32.31;6.0;15;3.1;0
Lavrentiya;RU;Russian federation;4031637;Lavrentiya;RU;-170.99;65.58;-20.61;98;9.92;0
Shache;CN;China;1280037;Shache;CN;77.24;38.42;-11.98;70;1.62;20
Touzim;CZ;Czechia;3064145;Touzim;CZ;12.99;50.06;-1.96;73;1.0;75
Tralee;IE;Ireland;2961123;Tralee;IE;-9.7;52.27;10.0;100;0.5;90
College;US;United states of america;5859699;College;US;-147.8;64.86;-30.53;75;1.52;75
Sokoto;NG;Nigeria;2322911;Sokoto;NG;5.24;13.06;26.57;47;1.42;20
San luis;CO;Colombia;3669399;San Luis;CO;-75.1;4.13;25.0;69;2.1;75
Ternate;ID;Indonesia;1624041;Ternate;ID;127.4;0.8;27.52;100;3.57;12
Saint george;BM;Bermuda;3573061;Saint George;BM;-64.68;32.38;19.0;63;9.8;75
Rorvik;NO;Norway;3141310;Rorvik;NO;11.24;64.86;6.1;65;17.0;75
Evensk;RU;Russian federation;2125693;Evensk;RU;159.24;61.92;-3.28;94;5.92;68
Clyde river;CA;Canada;5924351;Clyde River;CA;-68.59;70.47;-32.0;74;2.1;20
Zapolyarnyy;RU;Russian federation;464790;Zapolyarnyy;RU;30.82;69.43;-2.0;86;16.5;75
Cabatuan;PH;Philippines;1721714;Cabatuan;PH;121.67;16.95;21.22;96;0.37;88
Villacarrillo;ES;Spain;2509606;Villacarrillo;ES;-3.08;38.12;-0.01;71;2.72;0
West fargo;US;United states of america;5062458;West Fargo;US;-96.9;46.88;-8.14;67;8.2;1
Qandala;SO;Somalia;53157;Qandala;SO;49.87;11.47;18.52;100;0.72;68
Brae;GB;United kingdom of great britain and northern ireland;2654970;Brae;GB;-1.35;60.4;9.0;87;8.2;92
Buraydah;SA;Saudi arabia;107304;Buraydah;SA;43.97;26.33;12.0;58;3.6;0
Verkhoyansk;RU;Russian federation;2013465;Verkhoyansk;RU;133.39;67.55;-40.28;86;1.47;76
Mattru;SL;Sierra leone;2409215;Mattru;SL;-11.83;7.62;33.57;38;2.17;0
Roald;NO;Norway;3141667;Roald;NO;6.12;62.58;7.32;87;9.8;75
Lavrentiya;RU;Russian federation;4031637;Lavrentiya;RU;-170.99;65.58;-20.61;98;9.92;0
Kuandian;CN;China;2036283;Kuandian;CN;124.78;40.73;-18.66;57;1.17;0
Petatlan;MX;Mexico;3992842;Petatlan;MX;-101.27;17.52;31.0;62;4.1;5
Adrar;DZ;Algeria;2508813;Adrar;DZ;-0.29;27.87;15.0;15;4.6;0
Barrow;US;United states of america;4252975;Barrow;US;-90.4;39.51;-2.26;55;2.07;1
Coahuayana;MX;Mexico;3981460;Coahuayana;MX;-100.35;18.62;25.52;37;1.42;0
Narsaq;GL;Greenland;3421719;Narsaq;GL;-46.05;60.91;-6.88;83;1.97;92
Guerrero negro;MX;Mexico;4021858;Guerrero Negro;MX;-114.04;27.97;16.12;92;1.52;92
Barrow;US;United states of america;4252975;Barrow;US;-90.4;39.51;-2.26;55;2.07;1
Pirgos;GR;Greece;261814;Pirgos;GR;25.72;35.12;14.0;82;8.7;40
Chebsara;RU;Russian federation;569681;Chebsara;RU;38.84;59.2;-13.0;92;1.0;75
Batticaloa;LK;Sri lanka;1250161;Batticaloa;LK;81.69;7.71;25.57;98;3.77;92
Port arthur;US;United states of america;4720039;Port Arthur;US;-93.93;29.9;14.17;30;3.02;1
Osypenko;UA;Ukraine;699329;Osypenko;UA;34.39;48.04;-1.0;92;5.0;90
Chabahar;IR;Iran (islamic republic of);1161724;Chabahar;IR;60.65;25.29;24.25;93;6.87;0
Hobyo;SO;Somalia;57000;Hobyo;SO;48.53;5.35;24.6;86;7.62;68
Leh;IN;India;1264976;Leh;IN;77.58;34.16;-25.01;72;0.77;76
Wadi musa;JO;Jordan;246008;Wadi Musa;JO;35.48;30.32;9.0;49;0.5;0
Sanski most;BA;Bosnia and herzegovina;3191297;Sanski Most;BA;16.67;44.77;1.0;95;3.1;75
Karpogory;RU;Russian federation;552256;Karpogory;RU;44.44;64.0;-13.98;78;2.42;44
Saskylakh;RU;Russian federation;2017155;Saskylakh;RU;114.09;71.97;-45.08;0;2.52;0
Cravo norte;CO;Colombia;3685702;Cravo Norte;CO;-70.2;6.3;34.85;39;5.72;8
Dikson;RU;Russian federation;1507390;Dikson;RU;80.55;73.51;-27.61;100;3.47;32
Kavaratti;IN;India;1267390;Kavaratti;IN;72.64;10.57;28.02;100;2.77;0
Monrovia;LR;Liberia;2274895;Monrovia;LR;-10.8;6.33;28.0;78;2.52;20
Takhtamygda;RU;Russian federation;2015707;Takhtamygda;RU;123.57;54.1;-27.53;49;1.07;32
La ronge;CA;Canada;6050066;La Ronge;CA;-105.3;55.1;-17.0;77;4.1;90
San patricio;MX;Mexico;3985168;San Patricio;MX;-104.7;19.22;26.77;75;1.42;0
Polis;CY;Cyprus;146137;Polis;CY;32.42;35.04;12.0;71;4.1;75
Matay;EG;Egypt;352628;Matay;EG;30.79;28.42;6.0;61;2.52;0
Beterou;BJ;Benin;2395127;Beterou;BJ;2.26;9.2;30.72;38;1.27;0
Etampes;FR;France;3019459;Etampes;FR;2.15;48.43;3.34;86;3.1;0
Quesnel;CA;Canada;6115187;Quesnel;CA;-122.49;52.98;-7.0;92;1.0;75
Tasiilaq;GL;Greenland;3424607;Tasiilaq;GL;-37.64;65.61;-5.0;57;7.7;92
Taikang;CN;China;2034600;Taikang;CN;124.44;46.86;-18.83;59;2.17;0
Cayenne;GF;French guiana;3382160;Cayenne;GF;-52.33;4.94;28.0;69;4.6;75
Marinette;US;United states of america;5261852;Marinette;US;-87.63;45.1;-6.75;67;4.1;75
Guymon;US;United states of america;5515743;Guymon;US;-101.48;36.68;9.64;37;3.6;1
Qeshm;IR;Iran (islamic republic of);119374;Qeshm;IR;56.27;26.96;21.49;78;3.1;8
Yar-sale;RU;Russian federation;1486321;Yar-Sale;RU;70.83;66.83;-28.48;84;3.57;24
Pochinok;RU;Russian federation;508606;Pochinok;RU;32.44;54.4;-12.26;81;1.27;44
Mao;TD;Chad;2428394;Mao;TD;15.31;14.12;21.65;27;3.12;0
Pevek;RU;Russian federation;2122090;Pevek;RU;170.27;69.7;-12.83;72;9.92;0
Zemio;CF;Central african republic;235826;Zemio;CF;25.13;5.02;22.47;79;1.27;0
Marsa matruh;EG;Egypt;352733;Marsa Matruh;EG;27.25;31.35;10.0;66;3.1;0
Amasia;AM;Armenia;616971;Amasia;AM;43.79;40.96;-11.0;78;0.5;24
Seymchan;RU;Russian federation;2121373;Seymchan;RU;152.39;62.93;-31.01;68;1.27;56
Yilan;CN;China;2038572;Yilan;CN;129.52;43.11;-13.78;75;1.22;0
Awjilah;LY;Libya;88533;Awjilah;LY;21.3;29.14;10.6;37;3.02;0
Melfort;CA;Canada;6071876;Melfort;CA;-104.61;52.87;-14.0;84;4.6;90
Baculin;PH;Philippines;1729469;Baculin;PH;126.58;7.45;23.0;100;3.27;88
Istanbul;TR;Turkey;745044;Istanbul;TR;28.95;41.01;12.57;76;8.2;75
Laguna de perlas;NI;Nicaragua;3618522;Pearl Lagoon;NI;-83.67;12.34;29.0;70;2.1;40
Stantsionno-oyashinskiy;RU;Russian federation;1491055;Stantsionno-Oyashinskiy;RU;83.82;55.47;-17.73;75;2.97;56
Rincon;US;United states of america;4218882;Rincon;US;-81.24;32.3;10.93;34;3.1;40
Fredericksburg;US;United states of america;4760059;Fredericksburg;US;-77.46;38.3;2.43;37;5.1;1
Aksarka;RU;Russian federation;1512019;Aksarka;RU;67.8;66.56;-36.16;59;1.07;8
Port-cartier;CA;Canada;6111696;Port-Cartier;CA;-66.88;50.03;-6.0;79;5.7;90
Kankakee;US;United states of america;4898182;Kankakee;US;-87.86;41.12;-4.14;47;3.57;90
Constitucion;MX;Mexico;4011743;Constitucion;MX;-104.67;23.99;20.0;24;3.1;5
Chambas;CU;Cuba;3564394;Chambas;CU;-78.91;22.19;23.0;83;2.6;75
Mino;JP;Japan;1857062;Mino;JP;136.91;35.54;2.0;80;1.0;75
Malabo;GQ;Equatorial guinea;2309527;Malabo;GQ;8.78;3.75;27.0;83;2.6;20
Onoda;JP;Japan;1854018;Onoda;JP;131.18;34.0;5.73;57;3.1;75
Remedios;CU;Cuba;3542455;Remedios;CU;-79.55;22.5;23.0;56;4.1;75
Todos santos;MX;Mexico;3981432;Todos Santos;MX;-110.23;23.45;23.51;73;2.1;5
Phalodi;IN;India;1259813;Phalodi;IN;72.36;27.13;13.6;54;3.47;0
Soroti;UG;Uganda;226234;Soroti;UG;33.61;1.71;24.17;35;6.27;0
San andres;CO;Colombia;7522928;San Andres;CO;-76.58;8.22;30.0;66;5.1;20
Tagusao;PH;Philippines;1684245;Tagusao;PH;117.81;9.19;24.02;100;2.62;88
Dickson;US;United states of america;4618057;Dickson;US;-87.39;36.08;0.8;47;3.6;1
Butaritari;KI;Kiribati;2110227;Butaritari;KI;172.79;3.07;29.35;100;5.27;56
Haines junction;CA;Canada;5969025;Haines Junction;CA;-137.51;60.75;-41.86;0;0.87;8
Zhangzhou;CN;China;1785018;Zhangzhou;CN;117.65;24.51;17.0;93;1.0;75
Klaksvik;FO;Faroe islands;2618795;Klaksvik;FO;-6.59;62.23;8.0;93;8.7;0
Troitskoye;RU;Russian federation;1489209;Troitskoye;RU;84.68;52.98;-14.51;81;1.87;64
Fairbanks;US;United states of america;5861897;Fairbanks;US;-147.72;64.84;-31.73;75;1.52;75
Garowe;SO;Somalia;58933;Garowe;SO;48.48;8.41;22.4;53;4.22;24
Gelemso;ET;Ethiopia;337010;Gelemso;ET;40.52;8.81;10.0;58;1.57;0
Malabo;GQ;Equatorial guinea;2309527;Malabo;GQ;8.78;3.75;27.0;83;2.6;20
Oppdal;NO;Norway;3143513;Oppdal;NO;9.69;62.6;1.12;89;5.47;56
Yuzhno-kurilsk;RU;Russian federation;2119447;Yuzhno-Kurilsk;RU;145.86;44.03;-2.13;100;12.02;24
Hasaki;JP;Japan;2112802;Hasaki;JP;140.83;35.73;-1.17;59;3.1;20
Isiro;CD;Congo (democratic republic of the);215771;Isiro;CD;27.62;2.77;24.02;59;1.77;0
Rapar;IN;India;1258406;Rapar;IN;70.65;23.57;12.67;69;2.02;0
Bardiyah;LY;Libya;80509;Bardiyah;LY;25.09;31.76;15.32;90;6.77;0
Guozhen;CN;China;1927639;Guozhen;CN;113.14;29.3;3.57;100;2.02;92
Williston;US;United states of america;5692947;Williston;US;-103.62;48.15;-1.08;59;3.1;1
Mehamn;NO;Norway;778707;Mehamn;NO;27.85;71.03;-0.32;88;10.3;75
Diapaga;BF;Burkina faso;2361373;Diapaga;BF;1.79;12.07;27.85;39;1.22;0
Bosaso;SO;Somalia;64013;Bosaso;SO;49.18;11.28;23.47;100;3.32;8
Khingansk;RU;Russian federation;2022454;Khingansk;RU;131.18;49.12;-25.03;58;1.72;0
Banda aceh;ID;Indonesia;1215502;Banda Aceh;ID;95.32;5.56;24.67;96;1.57;80
Shieli;KZ;Kazakhstan;1524801;Shieli;KZ;66.74;44.18;-2.63;90;5.47;20
Lichuan;CN;China;1803782;Lichuan;CN;108.94;30.3;-0.23;97;0.52;92
Tiksi;RU;Russian federation;2015306;Tiksi;RU;128.87;71.64;-37.58;67;1.42;44
Kloulklubed;PW;Palau;7671223;Kloulklubed;PW;134.26;7.04;26.0;83;5.1;90
Lompoc;US;United states of america;5367788;Lompoc;US;-120.46;34.64;12.38;87;1.32;40
Saint-marc-des-carrieres;CA;Canada;6138719;Saint-Marc-des-Carrieres;CA;-72.05;46.68;-2.58;67;7.2;90
Ust-kuyga;RU;Russian federation;2013921;Ust-Kuyga;RU;135.55;70.0;-40.41;88;1.67;68
Katsuura;JP;Japan;1865309;Katsuura;JP;134.5;33.93;9.0;88;7.2;40
Yellowknife;CA;Canada;6185377;Yellowknife;CA;-114.38;62.45;-26.0;75;5.7;75
Toktogul;KG;Kyrgyzstan;1538648;Toktogul;KG;72.95;41.87;-18.93;63;0.72;32
Zaysan;KZ;Kazakhstan;1517060;Zaysan;KZ;84.87;47.47;-8.38;94;1.17;80
Udachnyy;RU;Russian federation;2014624;Udachnyy;RU;112.4;66.42;-36.43;57;1.12;20
Beringovskiy;RU;Russian federation;2126710;Beringovskiy;RU;179.32;63.05;-6.08;93;11.27;88
Mathbaria;BD;Bangladesh;1185239;Mathbaria;BD;89.96;22.29;14.27;88;1.77;0
Teya;RU;Russian federation;1489656;Teya;RU;92.63;60.37;-20.41;52;3.22;32
Hinton;CA;Canada;5975503;Hinton;CA;-117.57;53.4;-9.33;92;1.67;0
Awjilah;LY;Libya;88533;Awjilah;LY;21.3;29.14;10.6;37;3.02;0
Plouzane;FR;France;2986626;Plouzane;FR;-4.62;48.38;4.19;80;2.1;0
Kotelnich;RU;Russian federation;543737;Kotelnich;RU;48.34;58.31;-9.01;89;3.12;88
Kulhudhuffushi;MV;Maldives;1337613;Kulhudhuffushi;MV;73.07;6.62;27.65;100;2.57;0
Sirnak;TR;Turkey;300640;Sirnak;TR;42.46;37.52;-14.51;61;1.37;32
Bethel;US;United states of america;5880568;Bethel;US;-161.76;60.79;-27.22;72;5.7;1
Kudahuvadhoo;MV;Maldives;1337607;Kudahuvadhoo;MV;72.89;2.67;25.07;100;3.47;56
Maniitsoq;GL;Greenland;3421982;Maniitsoq;GL;-52.9;65.42;-12.78;100;3.77;8
Bathsheba;BB;Barbados;3374083;Bathsheba;BB;-59.52;13.22;28.0;69;6.7;20
Nedumangad;IN;India;1261553;Nedumangad;IN;77.0;8.61;26.0;88;1.0;20
Ilmajoki;FI;Finland;656740;Ilmajoki;FI;22.58;62.73;-0.35;92;5.1;90
Saint-pierre;PM;Saint pierre and miquelon;3424934;Saint-Pierre;PM;-56.17;46.77;3.0;93;2.6;90
Vestmannaeyjar;IS;Iceland;3412093;Vestmannaeyjar;IS;-20.27;63.44;5.0;80;2.6;90
Yushu;CN;China;2033242;Yushu;CN;126.53;44.84;-19.58;50;1.12;0
Sao filipe;CV;Cabo verde;3374210;Sao Filipe;CV;-24.5;14.9;23.22;92;7.17;92
Bougouni;ML;Mali;2459775;Bougouni;ML;-7.49;11.42;30.62;20;2.42;0
Kondinskoye;RU;Russian federation;1502697;Kondinskoye;RU;67.41;59.65;-26.51;47;1.22;56
Havre-saint-pierre;CA;Canada;5972291;Havre-Saint-Pierre;CA;-63.6;50.23;-3.0;86;8.7;75
Medvezhyegorsk;RU;Russian federation;527888;Medvezhyegorsk;RU;34.47;62.92;-10.23;86;3.07;48
Linqiong;CN;China;1803365;Linqiong;CN;103.46;30.42;6.0;81;2.0;44
Alexandria;EG;Egypt;361058;Alexandria;EG;29.89;31.2;11.45;71;1.0;0
Lazarev;RU;Russian federation;2123836;Lazarev;RU;141.51;52.23;-15.61;63;5.07;56
Jiuquan;CN;China;1280957;Jiuquan;CN;98.49;39.73;-25.13;32;1.07;20
Snezhnogorsk;RU;Russian federation;795243;Snezhnogorsk;RU;33.23;69.19;-7.0;85;5.0;75
Cravo norte;CO;Colombia;3685702;Cravo Norte;CO;-70.2;6.3;34.85;39;5.72;8
Fallon;US;United states of america;5681948;Fallon;US;-105.12;46.84;1.7;63;3.6;1
Leningradskiy;RU;Russian federation;2123814;Leningradskiy;RU;178.42;69.38;-14.91;95;9.87;76
Istanbul;TR;Turkey;745044;Istanbul;TR;28.95;41.01;12.57;76;8.2;75
Korla;CN;China;1529376;Korla;CN;86.15;41.76;-14.43;86;1.42;48
San juan;US;United states of america;4726440;San Juan;US;-98.16;26.19;21.58;56;2.1;90
Gilgit;PK;Pakistan;1178338;Gilgit;PK;74.31;35.92;-11.38;89;0.17;88
Krasnogorskoye;RU;Russian federation;542356;Krasnogorskoye;RU;52.5;57.7;-10.41;76;3.57;76
Salama;HN;Honduras;3602603;Salama;HN;-86.57;14.83;24.02;61;2.92;0
Jalu;LY;Libya;86049;Jalu;LY;21.55;29.03;9.77;35;2.77;0
Axioupoli;GR;Greece;736661;Axioupoli;GR;22.54;40.99;2.0;93;1.0;75
Tommot;RU;Russian federation;2015179;Tommot;RU;126.27;58.97;-19.61;70;1.52;76
Taikang;CN;China;2034600;Taikang;CN;124.44;46.86;-18.83;59;2.17;0
Gilgit;PK;Pakistan;1178338;Gilgit;PK;74.31;35.92;-11.38;89;0.17;88
Callaway;US;United states of america;5024237;Callaway;US;-95.91;46.98;-8.33;55;4.1;1
Gombe;NG;Nigeria;2340451;Gombe;NG;11.16;10.28;24.0;44;0.97;0
Saint-maximin-la-sainte-baume;FR;France;2978100;Saint-Maximin-la-Sainte-Baume;FR;5.86;43.45;4.25;48;3.1;0
Galle;LK;Sri lanka;1246294;Galle;LK;80.22;6.04;25.25;100;1.07;12
Kavali;IN;India;1267394;Kavali;IN;79.99;14.91;18.02;89;2.07;0
Sebinkarahisar;TR;Turkey;739914;Sebinkarahisar;TR;38.42;40.29;-14.61;63;0.92;24
Paamiut;GL;Greenland;3421193;Paamiut;GL;-49.67;61.99;-1.83;100;3.12;80
Zabid;YE;Yemen;69559;Zabid;YE;44.5;14.2;8.87;27;2.32;32
Longyan;CN;China;1802276;Longyan;CN;117.03;25.1;15.5;100;0.82;92
Norman wells;CA;Canada;6089245;Norman Wells;CA;-126.83;65.28;-36.0;73;3.6;90
Sistranda;NO;Norway;3139597;Sistranda;NO;8.83;63.73;7.0;81;15.9;75
Sigli;ID;Indonesia;1213821;Sigli;ID;95.96;5.38;25.42;92;2.32;20
Boromo;BF;Burkina faso;2362150;Boromo;BF;-2.93;11.74;28.37;37;1.22;0
Alizai;PK;Pakistan;1168197;Alizai;PK;71.55;33.94;10.0;61;3.1;75
Tromso;NO;Norway;3133895;Tromso;NO;18.96;69.65;-0.58;94;6.2;75
Sogne;NO;Norway;3137971;Sogne;NO;7.82;58.08;4.0;100;3.6;0
Dickson;US;United states of america;4618057;Dickson;US;-87.39;36.08;0.8;47;3.6;1
Qaqortoq;GL;Greenland;3420846;Qaqortoq;GL;-46.03;60.72;-2.48;96;3.12;92
Halifax;CA;Canada;6324729;Halifax;CA;-63.58;44.65;2.0;69;4.6;75
Shingu;JP;Japan;1847947;Shingu;JP;135.99;33.72;10.25;100;7.72;0
Sibolga;ID;Indonesia;1213855;Sibolga;ID;98.78;1.74;19.92;100;0.62;36
Thompson;CA;Canada;6165406;Thompson;CA;-97.86;55.74;-21.0;76;2.1;90
Sarkand;KZ;Kazakhstan;1519691;Sarkand;KZ;79.91;45.41;-8.93;83;1.17;36
Saint-maximin-la-sainte-baume;FR;France;2978100;Saint-Maximin-la-Sainte-Baume;FR;5.86;43.45;4.25;48;3.1;0
Savannah bight;HN;Honduras;3601402;Savannah Bight;HN;-85.85;16.45;27.0;74;1.5;40
Rudnogorsk;RU;Russian federation;2017378;Rudnogorsk;RU;103.75;57.27;-7.88;83;3.12;64
Ilmajoki;FI;Finland;656740;Ilmajoki;FI;22.58;62.73;-0.35;92;5.1;90
Bajram curri;AL;Albania;781171;Bajram Curri;AL;20.08;42.36;-6.13;89;0.77;92
Lagos;PT;Portugal;2267226;Lagos;PT;-8.67;37.1;13.0;71;4.1;0
Aksarka;RU;Russian federation;1512019;Aksarka;RU;67.8;66.56;-36.16;59;1.07;8
Petropavlovsk-kamchatskiy;RU;Russian federation;2122104;Petropavlovsk-Kamchatskiy;RU;158.65;53.05;-18.0;77;3.0;8
Nikolskoye;RU;Russian federation;546105;Nikolskoye;RU;30.79;59.7;-5.0;85;3.0;90
Havoysund;NO;Norway;779622;Havoysund;NO;24.66;71.0;0.5;86;12.9;75
Miramar;MX;Mexico;4005539;Miramar;MX;-103.45;20.64;21.0;35;2.6;5
Nichinan;JP;Japan;1855476;Nichinan;JP;131.31;31.65;7.47;100;2.77;80
Halifax;CA;Canada;6324729;Halifax;CA;-63.58;44.65;2.0;69;4.6;75
Bela;PK;Pakistan;1182998;Bela;PK;66.31;26.23;11.62;91;1.62;0
Ust-kuyga;RU;Russian federation;2013921;Ust-Kuyga;RU;135.55;70.0;-40.41;88;1.67;68
Qeshm;IR;Iran (islamic republic of);119374;Qeshm;IR;56.27;26.96;21.49;78;3.1;8
Kangasala;FI;Finland;654441;Kangasala;FI;24.07;61.46;-6.63;100;4.6;90
Santa cruz del sur;CU;Cuba;3537840;Santa Cruz del Sur;CU;-78.0;20.71;27.4;73;2.07;8
Zawiercie;PL;Poland;3080526;Zawiercie;PL;19.43;50.48;-5.0;92;3.6;75
Longyan;CN;China;1802276;Longyan;CN;117.03;25.1;15.5;100;0.82;92
Bilibino;RU;Russian federation;2126682;Bilibino;RU;166.44;68.06;-17.61;61;2.12;8
Fort collins;US;United states of america;5577147;Fort Collins;US;-105.07;40.55;11.06;29;3.1;1
Ouadda;CF;Central african republic;236901;Ouadda;CF;22.4;8.07;23.92;48;2.82;0
Ponta do sol;CV;Cabo verde;3374346;Ponta do Sol;CV;-25.09;17.2;24.0;53;12.3;20
Hearst;CA;Canada;5973108;Hearst;CA;-83.67;49.69;-18.61;58;3.37;0
Bani walid;LY;Libya;2218840;Bani Walid;LY;14.0;31.76;11.35;27;4.52;0
Shakhtinsk;KZ;Kazakhstan;1519333;Shakhtinsk;KZ;72.59;49.71;-23.0;76;3.0;0
Upernavik;GL;Greenland;3418910;Upernavik;GL;-56.15;72.79;-20.68;100;0.97;8
Asyut;EG;Egypt;359783;Asyut;EG;31.19;27.18;13.0;54;6.2;0
San-pedro;CI;Côte d'ivoire;2282006;San-Pedro;CI;-6.64;4.75;28.25;78;4.07;0
Igrim;RU;Russian federation;1505965;Igrim;RU;64.42;63.19;-25.03;62;3.12;8
Porto novo;CV;Cabo verde;3374336;Porto Novo;CV;-25.06;17.02;25.0;47;12.3;0
Wamba;CD;Congo (democratic republic of the);204318;Wamba;CD;27.99;2.14;25.85;51;2.22;0
Sabang;ID;Indonesia;1623502;Sabang;ID;120.82;1.17;27.25;100;3.22;0
Chambas;CU;Cuba;3564394;Chambas;CU;-78.91;22.19;23.0;83;2.6;75
Shingu;JP;Japan;1847947;Shingu;JP;135.99;33.72;10.25;;7.72;0
Sibolga;ID;Indonesia;1213855;Sibolga;ID;98.78;;19.92;100;0.62;36
Thompson;CA;Canada;6165406;Thompson;CA;-97.86;55.74;-21.0;76;;90
Sarkand;KZ;Kazakhstan;1519691;Sarkand;KZ;79.91;45.41;-8.93;83;1.17;
Saint-maximin-la-sainte-baume;FR;France;2978100;Saint-Maximin-la-Sainte-Baume;FR;;43.45;4.25;48;3.1;0
Anaco;VE;Venezuela (bolivarian republic of);3486270;Anaco;VE;-64.46;9.43;32.42;36;5.57;36
Celestun;MX;Mexico;3531368;Celestun;MX;-90.4;20.87;23.47;98;8.17;20
Khingansk;RU;Russian federation;2022454;Khingansk;RU;131.18;49.12;-25.03;58;1.72;0
El tigre;VE;Venezuela (bolivarian republic of);3641351;El Tigre;VE;-64.25;8.89;32.5;36;5.72;36
Makat;KZ;Kazakhstan;608872;Makat;KZ;53.35;47.65;-8.23;92;1.52;92
Muroto;JP;Japan;1856392;Muroto;JP;134.14;33.37;4.72;100;3.87;0
Bondo;CD;Congo (democratic republic of the);218253;Bondo;CD;23.69;3.81;28.22;44;2.07;0
Komsomolskiy;RU;Russian federation;1486910;Komsomolskiy;RU;63.78;67.55;-26.68;47;3.67;32
Havelock;US;United states of america;4470244;Havelock;US;-76.9;34.88;5.23;36;8.2;1
Esil;KZ;Kazakhstan;1524296;Esil;KZ;66.41;51.96;-23.01;50;2.67;44
Saint-augustin;CA;Canada;6138501;Saint-Augustin;CA;-73.98;45.63;-6.64;57;4.6;90
Zyryanka;RU;Russian federation;2119283;Zyryanka;RU;150.89;65.73;-32.51;41;1.07;44
Westford;US;United states of america;4955219;Westford;US;-71.44;42.58;-0.35;53;8.2;75
Hirara;JP;Japan;1862505;Hirara;JP;125.28;24.8;21.77;100;4.52;88
Iralaya;HN;Honduras;3608828;Iralaya;HN;-83.23;15.0;27.25;78;4.12;68
Hare bay;CA;Canada;5970873;Hare Bay;CA;-53.99;48.86;-1.0;100;3.6;90
Luancheng;CN;China;1802204;Luancheng;CN;114.65;37.88;-6.0;67;0.97;76
Onega;RU;Russian federation;515246;Onega;RU;38.09;63.91;-7.23;92;5.87;68
Xichang;CN;China;1789647;Xichang;CN;102.25;27.88;6.37;27;1.17;0
Praia da vitoria;PT;Portugal;3372760;Praia da Vitoria;PT;-27.07;38.73;14.0;82;9.37;40
Magadan;RU;Russian federation;2123628;Magadan;RU;150.8;59.56;-17.08;100;4.27;0
Snezhnogorsk;RU;Russian federation;795243;Snezhnogorsk;RU;33.23;69.19;-7.0;85;5.0;75
Nouadhibou;MR;Mauritania;2377457;Nouadhibou;MR;-17.03;20.93;20.0;56;6.7;0
Bouza;NE;Niger;2446466;Bouza;NE;6.04;14.42;23.77;47;1.42;0
Roald;NO;Norway;3141667;Roald;NO;6.12;62.58;7.32;87;9.8;75
Yerky;UA;Ukraine;701075;Yerky;UA;33.53;49.93;-1.86;94;3.47;92
Nawabganj;IN;India;1261642;Nawabganj;IN;82.14;26.86;9.22;90;1.82;0
Gambela;ET;Ethiopia;337405;Gambela;ET;34.59;8.25;18.4;73;0.97;0
Kirkwall;GB;United kingdom of great britain and northern ireland;2645198;Kirkwall;GB;-2.96;58.98;9.0;87;8.2;75
Bontang;ID;Indonesia;1648186;Bontang;ID;117.47;0.12;27.6;97;5.27;0
Sitka;US;United states of america;4267710;Sitka;US;-99.65;37.17;9.82;43;7.27;24
Varhaug;NO;Norway;3132644;Varhaug;NO;5.65;58.61;5.0;93;1.5;90
Berlevag;NO;Norway;780687;Berlevag;NO;29.09;70.86;-1.64;100;18.0;90
Shelburne;CA;Canada;6145890;Shelburne;CA;-80.2;44.08;-6.54;85;6.2;90
Skibbereen;IE;Ireland;2961459;Skibbereen;IE;-9.27;51.55;9.0;100;1.0;75
Novobirilyussy;RU;Russian federation;1508260;Novobirilyussy;RU;90.69;56.95;-14.78;75;3.22;48
Tura;RU;Russian federation;2014833;Tura;RU;100.22;64.27;-22.26;45;2.67;36
Chumikan;RU;Russian federation;2025256;Chumikan;RU;135.31;54.72;-20.68;55;4.52;0
Fortuna;US;United states of america;5563839;Fortuna;US;-124.16;40.6;13.93;100;6.2;90
The valley;AI;Anguilla;3573374;The Valley;AI;-63.06;18.22;26.53;65;4.6;20
Soderhamn;SE;Sweden;2676224;Soderhamn;SE;17.06;61.3;0.12;81;5.12;92
Okha;IN;India;1261066;Okha;IN;69.06;22.47;19.97;100;3.47;0
Los llanos de aridane;ES;Spain;2514651;Los Llanos de Aridane;ES;-17.92;28.66;18.0;59;1.0;75
Seoul;KR;Korea (republic of);1835848;Seoul;KR;126.98;37.57;-1.59;62;1.07;75
